X,Y,b1_est,b1_pv,b2_est,b2_pv,X_clean,Y_clean,name.x,phylum.x,name.y,phylum.y,source,b1_pv_FDR,b2_pv_FDR
s42,s82,0.016895446,0.561928087,0.154760823,3.11E-07,s42,s82,s__Clostridium_sp_AM49_4BH,Firmicutes,s__Clostridium_leptum,Firmicutes,species,0.669356418,4.13E-05
s50,s55,0.050791758,0.128194386,0.137531714,2.47E-05,s50,s55,s__Clostridium_fessum,Firmicutes,s__Faecalibacillus_intestinalis,Firmicutes,species,0.24013878,0.001644879
s50,s150,-0.036627535,0.303064186,-0.086689779,0.005535739,s50,s150,s__Clostridium_fessum,Firmicutes,s__Anaerotignum_faecicola,Firmicutes,species,0.419870175,0.245417781
s175,s24,-0.003793465,0.904691375,0.088517448,0.009297975,s175,s24,s__Phocaeicola_vulgatus,Bacteroidetes,s__Ruthenibacterium_lactatiformans,Firmicutes,species,0.940030881,0.255480363
s152,s55,0.050148016,0.139315228,0.078835118,0.012360318,s152,s55,s__Clostridium_sp_AM22_11AC,Firmicutes,s__Faecalibacillus_intestinalis,Firmicutes,species,0.253820895,0.255480363
s323,s61,-0.033906894,0.211068781,0.073517724,0.01261309,s323,s61,s__Roseburia_intestinalis,Firmicutes,s__Alistipes_onderdonkii,Bacteroidetes,species,0.333402726,0.255480363
s50,s90,-0.110558799,0.005059873,-0.095178262,0.013446335,s50,s90,s__Clostridium_fessum,Firmicutes,s__Bilophila_wadsworthia,Proteobacteria,species,0.018308152,0.255480363
s68,s90,0.027069405,0.404103409,0.071924241,0.025942154,s68,s90,s__Romboutsia_timonensis,Firmicutes,s__Bilophila_wadsworthia,Proteobacteria,species,0.532136172,0.357340938
s152,s76,-0.10408701,0.001713603,-0.063882984,0.025945589,s152,s76,s__Clostridium_sp_AM22_11AC,Firmicutes,s__Bacteroides_caccae,Bacteroidetes,species,0.008139613,0.357340938
s175,s69,-0.148510969,8.92E-06,0.074192021,0.027597358,s175,s69,s__Phocaeicola_vulgatus,Bacteroidetes,s__Alistipes_shahii,Bacteroidetes,species,0.000112088,0.357340938
s175,s82,-0.017923847,0.565913586,0.067732165,0.030187256,s175,s82,s__Phocaeicola_vulgatus,Bacteroidetes,s__Clostridium_leptum,Firmicutes,species,0.669356418,0.357340938
s152,s234,-0.033542506,0.241320458,-0.065964886,0.034797151,s152,s234,s__Clostridium_sp_AM22_11AC,Firmicutes,s__GGB9602_SGB15031,Firmicutes,species,0.364722965,0.357340938
s50,s82,-0.042842428,0.181492389,-0.065365992,0.034928062,s50,s82,s__Clostridium_fessum,Firmicutes,s__Clostridium_leptum,Firmicutes,species,0.300962008,0.357340938
s106,s71,-0.009254412,0.742089904,0.057488718,0.039396974,s106,s71,s__Actinomyces_sp_ICM58,Actinobacteria,s__Dysosmobacter_sp_BX15,Firmicutes,species,0.815685597,0.374271258
s152,s90,-0.155233919,9.45E-06,-0.062859341,0.053851939,s152,s90,s__Clostridium_sp_AM22_11AC,Firmicutes,s__Bilophila_wadsworthia,Proteobacteria,species,0.000112088,0.477487193
s152,s150,-0.12365505,0.00029164,-0.053956005,0.059177682,s152,s150,s__Clostridium_sp_AM22_11AC,Firmicutes,s__Anaerotignum_faecicola,Firmicutes,species,0.001714577,0.48666002
s323,s90,-0.040902384,0.164583464,0.059668978,0.062204664,s323,s90,s__Roseburia_intestinalis,Firmicutes,s__Bilophila_wadsworthia,Proteobacteria,species,0.288021062,0.48666002
s42,s234,0.00766046,0.756864212,0.055229096,0.074719521,s42,s234,s__Clostridium_sp_AM49_4BH,Firmicutes,s__GGB9602_SGB15031,Firmicutes,species,0.825106068,0.55209424
s50,s61,-0.114539311,0.000222884,-0.051819184,0.088965761,s50,s61,s__Clostridium_fessum,Firmicutes,s__Alistipes_onderdonkii,Bacteroidetes,species,0.001482179,0.61088527
s175,s55,0.037576603,0.232418705,0.054046034,0.091862447,s175,s55,s__Phocaeicola_vulgatus,Bacteroidetes,s__Faecalibacillus_intestinalis,Firmicutes,species,0.355306755,0.61088527
s42,s24,-0.005391932,0.850740229,-0.051120657,0.113433287,s42,s24,s__Clostridium_sp_AM49_4BH,Firmicutes,s__Ruthenibacterium_lactatiformans,Firmicutes,species,0.898003575,0.718410819
s50,s19,-0.146189774,1.02E-05,-0.050052248,0.120039716,s50,s19,s__Clostridium_fessum,Firmicutes,s__Alistipes_putredinis,Bacteroidetes,species,0.000112088,0.725694648
s106,s47,-0.043175353,0.130338504,0.040476017,0.133181549,s106,s47,s__Actinomyces_sp_ICM58,Actinobacteria,s__Bacteroides_uniformis,Bacteroidetes,species,0.24076418,0.770136782
s152,s24,-0.004835546,0.884978836,0.047985006,0.143743793,s152,s24,s__Clostridium_sp_AM22_11AC,Firmicutes,s__Ruthenibacterium_lactatiformans,Firmicutes,species,0.92678886,0.796580188
s106,s82,-0.01308961,0.650974297,0.042960064,0.153225595,s106,s82,s__Actinomyces_sp_ICM58,Actinobacteria,s__Clostridium_leptum,Firmicutes,species,0.739996424,0.814655401
s42,s61,-0.052924653,0.058210572,0.041245705,0.164562716,s42,s61,s__Clostridium_sp_AM49_4BH,Firmicutes,s__Alistipes_onderdonkii,Bacteroidetes,species,0.129033435,0.814655401
s42,s96,-0.031112542,0.284359811,-0.04024797,0.169090478,s42,s96,s__Clostridium_sp_AM49_4BH,Firmicutes,s__Parabacteroides_distasonis,Bacteroidetes,species,0.411085379,0.814655401
s106,s75,0.055763939,0.052987964,0.039433728,0.174677479,s106,s75,s__Actinomyces_sp_ICM58,Actinobacteria,s__Dysosmobacter_welbionis,Firmicutes,species,0.123638583,0.814655401
s152,s75,-0.058389056,0.089186064,-0.040994709,0.178962877,s152,s75,s__Clostridium_sp_AM22_11AC,Firmicutes,s__Dysosmobacter_welbionis,Firmicutes,species,0.174437449,0.814655401
s175,s12,0.079125024,0.003980704,-0.041134047,0.18884289,s175,s12,s__Phocaeicola_vulgatus,Bacteroidetes,s__Blautia_massiliensis,Firmicutes,species,0.016043444,0.814655401
s106,s83,0.005521819,0.848150802,0.038097933,0.198580648,s106,s83,s__Actinomyces_sp_ICM58,Actinobacteria,s__Odoribacter_splanchnicus,Bacteroidetes,species,0.898003575,0.814655401
s152,s19,-0.092881992,0.004540934,-0.038472843,0.198622856,s152,s19,s__Clostridium_sp_AM22_11AC,Firmicutes,s__Alistipes_putredinis,Bacteroidetes,species,0.017255551,0.814655401
s323,s12,-0.002760386,0.9134194,0.039597601,0.202132543,s323,s12,s__Roseburia_intestinalis,Firmicutes,s__Blautia_massiliensis,Firmicutes,species,0.941742482,0.814655401
s50,s83,-0.092051022,0.004426618,-0.037582799,0.224935592,s50,s83,s__Clostridium_fessum,Firmicutes,s__Odoribacter_splanchnicus,Bacteroidetes,species,0.017255551,0.864354667
s152,s71,-0.170546066,1.97E-07,-0.035009431,0.228826517,s152,s71,s__Clostridium_sp_AM22_11AC,Firmicutes,s__Dysosmobacter_sp_BX15,Firmicutes,species,5.23E-06,0.864354667
s42,s150,-0.059008749,0.043336887,-0.033305514,0.233993618,s42,s150,s__Clostridium_sp_AM49_4BH,Firmicutes,s__Anaerotignum_faecicola,Firmicutes,species,0.108751055,0.864354667
s323,s51,0.014987137,0.569944634,0.036459362,0.242547489,s323,s51,s__Roseburia_intestinalis,Firmicutes,s__Lachnospiraceae_bacterium_NSJ_29,Firmicutes,species,0.669356418,0.864354667
s50,s76,-0.057933068,0.068524125,-0.033045654,0.25459203,s50,s76,s__Clostridium_fessum,Firmicutes,s__Bacteroides_caccae,Bacteroidetes,species,0.140210901,0.864354667
s175,s88,-0.140742936,8.19E-05,0.03973554,0.25861547,s175,s88,s__Phocaeicola_vulgatus,Bacteroidetes,s__Parabacteroides_merdae,Bacteroidetes,species,0.000681105,0.864354667
s50,s71,-0.079763735,0.01798531,-0.035273845,0.259956291,s50,s71,s__Clostridium_fessum,Firmicutes,s__Dysosmobacter_sp_BX15,Firmicutes,species,0.051244031,0.864354667
s68,s96,0.035705207,0.269502318,0.032606607,0.287492338,s68,s96,s__Romboutsia_timonensis,Firmicutes,s__Parabacteroides_distasonis,Bacteroidetes,species,0.398264536,0.886646209
s175,s51,0.077657011,0.006648688,0.031544637,0.317201623,s175,s51,s__Phocaeicola_vulgatus,Bacteroidetes,s__Lachnospiraceae_bacterium_NSJ_29,Firmicutes,species,0.022106887,0.886646209
s42,s51,0.028611912,0.282930023,0.030393585,0.322434916,s42,s51,s__Clostridium_sp_AM49_4BH,Firmicutes,s__Lachnospiraceae_bacterium_NSJ_29,Firmicutes,species,0.411085379,0.886646209
s106,s19,-0.01264348,0.648707416,0.028005935,0.330032729,s106,s19,s__Actinomyces_sp_ICM58,Actinobacteria,s__Alistipes_putredinis,Bacteroidetes,species,0.739996424,0.886646209
s42,s35,-0.053704793,0.046610018,0.028229162,0.332440018,s42,s35,s__Clostridium_sp_AM49_4BH,Firmicutes,s__Oscillibacter_sp_ER4,Firmicutes,species,0.112711497,0.886646209
s152,s35,-0.188076561,1.32E-09,-0.028600713,0.334129767,s152,s35,s__Clostridium_sp_AM22_11AC,Firmicutes,s__Oscillibacter_sp_ER4,Firmicutes,species,4.40E-08,0.886646209
s106,s90,0.009783476,0.735352184,-0.02911738,0.337829656,s106,s90,s__Actinomyces_sp_ICM58,Actinobacteria,s__Bilophila_wadsworthia,Proteobacteria,species,0.815015338,0.886646209
s175,s19,-0.12891661,5.82E-05,0.029971174,0.352588816,s175,s19,s__Phocaeicola_vulgatus,Bacteroidetes,s__Alistipes_putredinis,Bacteroidetes,species,0.000515795,0.886646209
s175,s83,-0.163391456,2.92E-06,0.032136015,0.357382317,s175,s83,s__Phocaeicola_vulgatus,Bacteroidetes,s__Odoribacter_splanchnicus,Bacteroidetes,species,5.55E-05,0.886646209
s68,s24,0.045426414,0.149559796,0.0302322,0.366797254,s68,s24,s__Romboutsia_timonensis,Firmicutes,s__Ruthenibacterium_lactatiformans,Firmicutes,species,0.265219371,0.886646209
s42,s69,-0.053287668,0.055461764,0.02632433,0.3676461,s42,s69,s__Clostridium_sp_AM49_4BH,Firmicutes,s__Alistipes_shahii,Bacteroidetes,species,0.126957634,0.886646209
s175,s96,-0.158285613,0.000621111,-0.039930717,0.371559419,s175,s96,s__Phocaeicola_vulgatus,Bacteroidetes,s__Parabacteroides_distasonis,Bacteroidetes,species,0.003304309,0.886646209
s152,s61,-0.089030547,0.00543784,-0.02589059,0.383166442,s152,s61,s__Clostridium_sp_AM22_11AC,Firmicutes,s__Alistipes_onderdonkii,Bacteroidetes,species,0.01903244,0.886646209
s152,s69,-0.119265074,0.000219421,-0.025846179,0.383965932,s152,s69,s__Clostridium_sp_AM22_11AC,Firmicutes,s__Alistipes_shahii,Bacteroidetes,species,0.001482179,0.886646209
s106,s24,-0.038665312,0.172880614,-0.027623617,0.384171224,s106,s24,s__Actinomyces_sp_ICM58,Actinobacteria,s__Ruthenibacterium_lactatiformans,Firmicutes,species,0.293633797,0.886646209
s323,s76,-0.064327392,0.021524565,0.024382598,0.391657156,s323,s76,s__Roseburia_intestinalis,Firmicutes,s__Bacteroides_caccae,Bacteroidetes,species,0.058423819,0.886646209
s175,s234,0.002064894,0.938346906,-0.027037238,0.396467737,s175,s234,s__Phocaeicola_vulgatus,Bacteroidetes,s__GGB9602_SGB15031,Firmicutes,species,0.952672813,0.886646209
s106,s69,-0.046182473,0.100141826,0.02473388,0.396470094,s106,s69,s__Actinomyces_sp_ICM58,Actinobacteria,s__Alistipes_shahii,Bacteroidetes,species,0.193026999,0.886646209
s323,s55,0.036269331,0.20360104,-0.026375264,0.399329503,s323,s55,s__Roseburia_intestinalis,Firmicutes,s__Faecalibacillus_intestinalis,Firmicutes,species,0.326252269,0.886646209
s175,s47,-0.158527106,1.23E-05,0.027686844,0.40562338,s175,s47,s__Phocaeicola_vulgatus,Bacteroidetes,s__Bacteroides_uniformis,Bacteroidetes,species,0.000117141,0.886646209
s323,s35,-0.084998436,0.001316656,0.024179454,0.41086877,s323,s35,s__Roseburia_intestinalis,Firmicutes,s__Oscillibacter_sp_ER4,Firmicutes,species,0.0067352,0.886646209
s106,s234,-0.03305096,0.183292651,-0.024478654,0.426701221,s106,s234,s__Actinomyces_sp_ICM58,Actinobacteria,s__GGB9602_SGB15031,Firmicutes,species,0.300962008,0.886646209
s68,s55,-0.192699112,1.02E-09,-0.025656064,0.426747047,s68,s55,s__Romboutsia_timonensis,Firmicutes,s__Faecalibacillus_intestinalis,Firmicutes,species,4.40E-08,0.886646209
s50,s75,-0.043745736,0.199357233,-0.024901567,0.436228066,s50,s75,s__Clostridium_fessum,Firmicutes,s__Dysosmobacter_welbionis,Firmicutes,species,0.323347707,0.886646209
s42,s71,-0.016169774,0.565892697,0.021971579,0.437920972,s42,s71,s__Clostridium_sp_AM49_4BH,Firmicutes,s__Dysosmobacter_sp_BX15,Firmicutes,species,0.669356418,0.886646209
s68,s75,0.081261928,0.01168323,0.023917016,0.439989848,s68,s75,s__Romboutsia_timonensis,Firmicutes,s__Dysosmobacter_welbionis,Firmicutes,species,0.036996894,0.886646209
s68,s51,-0.079808677,0.005660002,-0.022821392,0.467374185,s68,s51,s__Romboutsia_timonensis,Firmicutes,s__Lachnospiraceae_bacterium_NSJ_29,Firmicutes,species,0.019302057,0.90540997
s68,s88,0.099652382,0.001572012,0.021710766,0.477595275,s68,s88,s__Romboutsia_timonensis,Firmicutes,s__Parabacteroides_merdae,Bacteroidetes,species,0.007743614,0.90540997
s42,s90,-0.074978367,0.009773568,-0.02173777,0.481014914,s42,s90,s__Clostridium_sp_AM49_4BH,Firmicutes,s__Bilophila_wadsworthia,Proteobacteria,species,0.0317045,0.90540997
s106,s150,-0.020539068,0.475558824,-0.019015367,0.485074492,s106,s150,s__Actinomyces_sp_ICM58,Actinobacteria,s__Anaerotignum_faecicola,Firmicutes,species,0.601047269,0.90540997
s68,s61,0.056494762,0.06698351,0.020990737,0.4960207,s68,s61,s__Romboutsia_timonensis,Firmicutes,s__Alistipes_onderdonkii,Bacteroidetes,species,0.140210901,0.90540997
s152,s96,-0.079778456,0.022872652,0.02012636,0.513907362,s152,s96,s__Clostridium_sp_AM22_11AC,Firmicutes,s__Parabacteroides_distasonis,Bacteroidetes,species,0.060841254,0.90540997
s42,s12,0.077405833,0.002373235,0.019863373,0.514742254,s42,s12,s__Clostridium_sp_AM49_4BH,Firmicutes,s__Blautia_massiliensis,Firmicutes,species,0.010521344,0.90540997
s42,s55,0.000284959,0.992090386,0.019779777,0.519320757,s42,s55,s__Clostridium_sp_AM49_4BH,Firmicutes,s__Faecalibacillus_intestinalis,Firmicutes,species,0.992090386,0.90540997
s152,s82,-0.03229055,0.335074059,-0.019707835,0.520622563,s152,s82,s__Clostridium_sp_AM22_11AC,Firmicutes,s__Clostridium_leptum,Firmicutes,species,0.459431441,0.90540997
s50,s47,-0.092873827,0.005093245,-0.018766592,0.521770732,s50,s47,s__Clostridium_fessum,Firmicutes,s__Bacteroides_uniformis,Bacteroidetes,species,0.018308152,0.90540997
s106,s88,-0.029736122,0.294317977,0.018212572,0.527129923,s106,s88,s__Actinomyces_sp_ICM58,Actinobacteria,s__Parabacteroides_merdae,Bacteroidetes,species,0.416428627,0.90540997
s323,s150,-0.050343772,0.080779866,-0.017765575,0.530992313,s323,s150,s__Roseburia_intestinalis,Firmicutes,s__Anaerotignum_faecicola,Firmicutes,species,0.160354062,0.90540997
s323,s96,-0.05251925,0.067678307,0.01765039,0.553254898,s323,s96,s__Roseburia_intestinalis,Firmicutes,s__Parabacteroides_distasonis,Bacteroidetes,species,0.140210901,0.931429132
s106,s61,0.033721653,0.221055423,0.015994698,0.580552742,s106,s61,s__Actinomyces_sp_ICM58,Actinobacteria,s__Alistipes_onderdonkii,Bacteroidetes,species,0.341864782,0.954463424
s106,s51,-0.046781246,0.078981718,-0.016502998,0.587292666,s106,s51,s__Actinomyces_sp_ICM58,Actinobacteria,s__Lachnospiraceae_bacterium_NSJ_29,Firmicutes,species,0.159160129,0.954463424
s106,s76,-0.019554337,0.492523412,0.014659691,0.59878803,s106,s76,s__Actinomyces_sp_ICM58,Actinobacteria,s__Bacteroides_caccae,Bacteroidetes,species,0.612201999,0.954463424
s50,s12,0.098666232,0.000519332,0.016380878,0.601758244,s50,s12,s__Clostridium_fessum,Firmicutes,s__Blautia_massiliensis,Firmicutes,species,0.002877966,0.954463424
s50,s69,-0.07458778,0.01947192,-0.015664118,0.61248343,s50,s69,s__Clostridium_fessum,Firmicutes,s__Alistipes_shahii,Bacteroidetes,species,0.053953446,0.954463424
s68,s150,0.002164499,0.946502915,-0.014706608,0.612746127,s68,s150,s__Romboutsia_timonensis,Firmicutes,s__Anaerotignum_faecicola,Firmicutes,species,0.953673391,0.954463424
s152,s88,-0.081891525,0.015166531,0.014840734,0.62305247,s152,s88,s__Clostridium_sp_AM22_11AC,Firmicutes,s__Parabacteroides_merdae,Bacteroidetes,species,0.045844286,0.954463424
s323,s69,-0.037345456,0.17441406,-0.014508282,0.624348255,s323,s69,s__Roseburia_intestinalis,Firmicutes,s__Alistipes_shahii,Bacteroidetes,species,0.293633797,0.954463424
s68,s76,0.056665571,0.068418617,0.013872823,0.632364713,s68,s76,s__Romboutsia_timonensis,Firmicutes,s__Bacteroides_caccae,Bacteroidetes,species,0.140210901,0.955733032
s152,s12,0.05882357,0.048508256,-0.014480592,0.64069849,s152,s12,s__Clostridium_sp_AM22_11AC,Firmicutes,s__Blautia_massiliensis,Firmicutes,species,0.115207109,0.957448305
s323,s71,-0.053255742,0.056319552,0.012822115,0.656783119,s323,s71,s__Roseburia_intestinalis,Firmicutes,s__Dysosmobacter_sp_BX15,Firmicutes,species,0.126957634,0.957790886
s42,s88,-0.020139706,0.479030154,0.012753798,0.662277735,s42,s88,s__Clostridium_sp_AM49_4BH,Firmicutes,s__Parabacteroides_merdae,Bacteroidetes,species,0.601047269,0.957790886
s50,s24,-0.064528317,0.041366004,-0.01363475,0.678843034,s50,s24,s__Clostridium_fessum,Firmicutes,s__Ruthenibacterium_lactatiformans,Firmicutes,species,0.105801512,0.957790886
s50,s96,-0.027835795,0.424968872,0.013099795,0.685690034,s50,s96,s__Clostridium_fessum,Firmicutes,s__Parabacteroides_distasonis,Bacteroidetes,species,0.54383805,0.957790886
s42,s76,-0.067007591,0.018108793,-0.011336598,0.686673341,s42,s76,s__Clostridium_sp_AM49_4BH,Firmicutes,s__Bacteroides_caccae,Bacteroidetes,species,0.051244031,0.957790886
s175,s75,0.014445558,0.676041817,0.013536425,0.686911587,s175,s75,s__Phocaeicola_vulgatus,Bacteroidetes,s__Dysosmobacter_welbionis,Firmicutes,species,0.761979336,0.957790886
s323,s82,-0.024954747,0.380401796,-0.012139691,0.692459637,s323,s82,s__Roseburia_intestinalis,Firmicutes,s__Clostridium_leptum,Firmicutes,species,0.511044837,0.957790886
s50,s51,0.066589848,0.024252233,-0.012178648,0.698539218,s50,s51,s__Clostridium_fessum,Firmicutes,s__Lachnospiraceae_bacterium_NSJ_29,Firmicutes,species,0.063246019,0.957790886
s68,s47,0.018497963,0.564891609,-0.010751951,0.710054418,s68,s47,s__Romboutsia_timonensis,Firmicutes,s__Bacteroides_uniformis,Bacteroidetes,species,0.669356418,0.963645281
s323,s19,-0.028332595,0.302008414,0.010245117,0.728702064,s323,s19,s__Roseburia_intestinalis,Firmicutes,s__Alistipes_putredinis,Bacteroidetes,species,0.419870175,0.973492645
s323,s24,0.055714328,0.04632918,0.011116238,0.731949357,s323,s24,s__Roseburia_intestinalis,Firmicutes,s__Ruthenibacterium_lactatiformans,Firmicutes,species,0.112711497,0.973492645
s175,s61,-0.116254922,0.000155518,0.009961727,0.750237836,s175,s61,s__Phocaeicola_vulgatus,Bacteroidetes,s__Alistipes_onderdonkii,Bacteroidetes,species,0.001216697,0.981502319
s68,s82,0.006407282,0.839926077,-0.009884447,0.752731102,s68,s82,s__Romboutsia_timonensis,Firmicutes,s__Clostridium_leptum,Firmicutes,species,0.898003575,0.981502319
s68,s12,-0.083395215,0.002657447,-0.009034044,0.772702002,s68,s12,s__Romboutsia_timonensis,Firmicutes,s__Blautia_massiliensis,Firmicutes,species,0.011401304,0.989275773
s152,s83,-0.125457641,0.000169729,-0.00835521,0.782736829,s152,s83,s__Clostridium_sp_AM22_11AC,Firmicutes,s__Odoribacter_splanchnicus,Bacteroidetes,species,0.00125411,0.989275773
s42,s47,-0.039450009,0.169945797,0.007057428,0.797415344,s42,s47,s__Clostridium_sp_AM49_4BH,Firmicutes,s__Bacteroides_uniformis,Bacteroidetes,species,0.29354274,0.989275773
s323,s47,-0.013335004,0.633790158,-0.006748242,0.805876848,s323,s47,s__Roseburia_intestinalis,Firmicutes,s__Bacteroides_uniformis,Bacteroidetes,species,0.732992096,0.989275773
s68,s83,0.076819082,0.014203109,0.007523851,0.806133519,s68,s83,s__Romboutsia_timonensis,Firmicutes,s__Odoribacter_splanchnicus,Bacteroidetes,species,0.043930546,0.989275773
s106,s35,-0.022106945,0.415135287,-0.006954549,0.809890907,s106,s35,s__Actinomyces_sp_ICM58,Actinobacteria,s__Oscillibacter_sp_ER4,Firmicutes,species,0.541303854,0.989275773
s42,s75,-0.025544771,0.375340335,-0.00674221,0.81824274,s42,s75,s__Clostridium_sp_AM49_4BH,Firmicutes,s__Dysosmobacter_welbionis,Firmicutes,species,0.509390455,0.989275773
s175,s71,-0.116991099,0.000296506,-0.007115439,0.819561211,s175,s71,s__Phocaeicola_vulgatus,Bacteroidetes,s__Dysosmobacter_sp_BX15,Firmicutes,species,0.001714577,0.989275773
s68,s71,0.137764394,8.82E-06,0.006517495,0.825896921,s68,s71,s__Romboutsia_timonensis,Firmicutes,s__Dysosmobacter_sp_BX15,Firmicutes,species,0.000112088,0.989275773
s175,s35,-0.085936049,0.003496264,-0.006392937,0.833074335,s175,s35,s__Phocaeicola_vulgatus,Bacteroidetes,s__Oscillibacter_sp_ER4,Firmicutes,species,0.014531348,0.989275773
s106,s96,0.016285286,0.573734073,-0.005750735,0.842095322,s106,s96,s__Actinomyces_sp_ICM58,Actinobacteria,s__Parabacteroides_distasonis,Bacteroidetes,species,0.669356418,0.990080523
s323,s88,-0.02371699,0.399403771,-0.005212812,0.860469071,s323,s88,s__Roseburia_intestinalis,Firmicutes,s__Parabacteroides_merdae,Bacteroidetes,species,0.531207016,0.990080523
s152,s47,-0.125049129,0.000253262,-0.004782846,0.86742377,s152,s47,s__Clostridium_sp_AM22_11AC,Firmicutes,s__Bacteroides_uniformis,Bacteroidetes,species,0.001603993,0.990080523
s175,s150,-0.037854976,0.249740726,0.004962814,0.868659902,s175,s150,s__Phocaeicola_vulgatus,Bacteroidetes,s__Anaerotignum_faecicola,Firmicutes,species,0.373208052,0.990080523
s50,s234,0.005969567,0.828129144,-0.004586949,0.885199166,s50,s234,s__Clostridium_fessum,Firmicutes,s__GGB9602_SGB15031,Firmicutes,species,0.895456717,0.990080523
s42,s19,-0.01012197,0.718809207,0.004126195,0.888599144,s42,s19,s__Clostridium_sp_AM49_4BH,Firmicutes,s__Alistipes_putredinis,Bacteroidetes,species,0.803374996,0.990080523
s50,s88,-0.060735775,0.066911871,-0.004005774,0.898322082,s50,s88,s__Clostridium_fessum,Firmicutes,s__Parabacteroides_merdae,Bacteroidetes,species,0.140210901,0.990080523
s175,s90,-0.026363181,0.425256821,-0.003705921,0.911795447,s175,s90,s__Phocaeicola_vulgatus,Bacteroidetes,s__Bilophila_wadsworthia,Proteobacteria,species,0.54383805,0.990080523
s68,s234,0.033387304,0.21307693,-0.003264693,0.917935668,s68,s234,s__Romboutsia_timonensis,Firmicutes,s__GGB9602_SGB15031,Firmicutes,species,0.333402726,0.990080523
s323,s234,-0.038970397,0.109735872,0.003157015,0.919933347,s323,s234,s__Roseburia_intestinalis,Firmicutes,s__GGB9602_SGB15031,Firmicutes,species,0.208498157,0.990080523
s68,s19,0.136799607,1.10E-05,0.002887662,0.925663232,s68,s19,s__Romboutsia_timonensis,Firmicutes,s__Alistipes_putredinis,Bacteroidetes,species,0.000112088,0.990080523
s106,s12,-0.002268895,0.929425803,-0.002637176,0.930380615,s106,s12,s__Actinomyces_sp_ICM58,Actinobacteria,s__Blautia_massiliensis,Firmicutes,species,0.950874091,0.990080523
s323,s75,0.087215204,0.002119561,-0.002560077,0.931506393,s323,s75,s__Roseburia_intestinalis,Firmicutes,s__Dysosmobacter_welbionis,Firmicutes,species,0.009720746,0.990080523
s68,s69,0.142258221,4.15E-06,0.002398405,0.937971022,s68,s69,s__Romboutsia_timonensis,Firmicutes,s__Alistipes_shahii,Bacteroidetes,species,6.91E-05,0.990080523
s323,s83,-0.067431996,0.016359884,0.001505902,0.960019447,s323,s83,s__Roseburia_intestinalis,Firmicutes,s__Odoribacter_splanchnicus,Bacteroidetes,species,0.048352545,0.998502488
s68,s35,0.212206875,2.44E-13,-0.001107626,0.970683535,s68,s35,s__Romboutsia_timonensis,Firmicutes,s__Oscillibacter_sp_ER4,Firmicutes,species,3.25E-11,0.998502488
s42,s83,-0.019059035,0.507442252,0.001067571,0.971495256,s42,s83,s__Clostridium_sp_AM49_4BH,Firmicutes,s__Odoribacter_splanchnicus,Bacteroidetes,species,0.624905736,0.998502488
s50,s35,-0.218578011,8.48E-12,-0.000633765,0.984419586,s50,s35,s__Clostridium_fessum,Firmicutes,s__Oscillibacter_sp_ER4,Firmicutes,species,5.64E-10,0.998502488
s152,s51,0.032848278,0.289804389,0.000414618,0.989389852,s152,s51,s__Clostridium_sp_AM22_11AC,Firmicutes,s__Lachnospiraceae_bacterium_NSJ_29,Firmicutes,species,0.414451437,0.998502488
s106,s55,-0.041875716,0.145144586,-0.000148703,0.996101905,s106,s55,s__Actinomyces_sp_ICM58,Actinobacteria,s__Faecalibacillus_intestinalis,Firmicutes,species,0.260867972,0.998502488
s175,s76,-0.187386519,3.37E-07,6.58E-05,0.998502488,s175,s76,s__Phocaeicola_vulgatus,Bacteroidetes,s__Bacteroides_caccae,Bacteroidetes,species,7.46E-06,0.998502488
tax_g17,tax_g4,0.033496755,0.246591763,0.099500409,0.0007174,g17,g4,genus_g__Butyricicoccus,Firmicutes,genus_g__Blautia,Firmicutes,genus,0.367020299,0.013209359
tax_g68,tax_g57,-0.198868418,2.81E-08,0.109194723,0.003197154,g68,g57,genus_g__Phocaeicola,Bacteroidetes,genus_g__Odoribacter,Bacteroidetes,genus,3.60E-07,0.035152993
tax_g17,tax_g40,0.002104617,0.942052658,0.088730298,0.003295593,g17,g40,genus_g__Butyricicoccus,Firmicutes,genus_g__Faecalibacillus,Firmicutes,genus,0.979019128,0.035152993
tax_g68,tax_g15,-0.069577046,0.034834794,0.096350481,0.004068696,g68,g15,genus_g__Phocaeicola,Bacteroidetes,genus_g__Alistipes,Bacteroidetes,genus,0.089177072,0.037199504
tax_g25,tax_g46,0.049072553,0.155805514,0.088411582,0.007493414,g25,g46,genus_g__Clostridium,Firmicutes,genus_g__Dysosmobacter,Firmicutes,genus,0.262409288,0.05994731
tax_g68,tax_g32,-0.132361177,0.000830718,0.09561829,0.014366383,g68,g32,genus_g__Phocaeicola,Bacteroidetes,genus_g__Bacteroides,Bacteroidetes,genus,0.003544399,0.102071752
tax_g68,tax_g4,0.055370955,0.068294697,0.074278888,0.015948711,g68,g4,genus_g__Phocaeicola,Bacteroidetes,genus_g__Blautia,Firmicutes,genus,0.145695355,0.102071752
tax_g68,tax_g41,0.023786592,0.375108697,0.072132415,0.021105835,g68,g41,genus_g__Phocaeicola,Bacteroidetes,genus_g__Gordonibacter,Actinobacteria,genus,0.510786311,0.122797588
tax_g50,tax_g60,0.027643502,0.394528757,0.07181152,0.026194685,g50,g60,genus_g__Romboutsia,Firmicutes,genus_g__Bilophila,Proteobacteria,genus,0.526038342,0.131577823
tax_g25,tax_g29,-0.101458209,0.000672247,0.067847648,0.026726745,g25,g29,genus_g__Clostridium,Firmicutes,genus_g__Oscillibacter,Firmicutes,genus,0.003073127,0.131577823
tax_g68,tax_g56,0.061357602,0.032515146,0.063109816,0.038336598,g68,g56,genus_g__Phocaeicola,Bacteroidetes,genus_g__Christensenella,Firmicutes,genus,0.086707057,0.170353954
tax_g25,tax_g97,-0.031448561,0.341996239,-0.061657294,0.039926708,g25,g97,genus_g__Clostridium,Firmicutes,genus_g__Anaerotignum,Firmicutes,genus,0.475820854,0.170353954
tax_g17,tax_g60,-0.110445191,0.000293222,-0.062109123,0.053931729,g17,g60,genus_g__Butyricicoccus,Firmicutes,genus_g__Bilophila,Proteobacteria,genus,0.001443553,0.215726916
tax_g17,tax_g57,-0.016486403,0.557972813,0.051335142,0.076472843,g17,g57,genus_g__Butyricicoccus,Firmicutes,genus_g__Odoribacter,Bacteroidetes,genus,0.68673577,0.28789776
tax_g25,tax_g40,0.020841797,0.510459446,0.053464098,0.091893431,g25,g40,genus_g__Clostridium,Firmicutes,genus_g__Faecalibacillus,Firmicutes,genus,0.653388091,0.310622118
tax_g17,tax_g97,0.015274414,0.600850015,-0.046524713,0.092215941,g17,g97,genus_g__Butyricicoccus,Firmicutes,genus_g__Anaerotignum,Firmicutes,genus,0.712118536,0.310622118
tax_g25,tax_g98,0.007315569,0.819379576,-0.048841929,0.113460984,g25,g98,genus_g__Clostridium,Firmicutes,genus_g__Paraprevotella,Bacteroidetes,genus,0.904142981,0.345785855
tax_g17,tax_g46,-0.020028956,0.49258303,-0.039017251,0.181051576,g17,g46,genus_g__Butyricicoccus,Firmicutes,genus_g__Dysosmobacter,Firmicutes,genus,0.643373753,0.522355858
tax_g25,tax_g128,0.012795429,0.627566924,0.041358329,0.187721636,g25,g128,genus_g__Clostridium,Firmicutes,genus_g__GGB9602,Firmicutes,genus,0.730259693,0.522355858
tax_g25,tax_g15,-0.062648231,0.053210033,0.040856963,0.199662383,g25,g15,genus_g__Clostridium,Firmicutes,genus_g__Alistipes,Bacteroidetes,genus,0.126127485,0.526534946
tax_g25,tax_g54,0.003584645,0.9159482,0.039469182,0.225891118,g25,g54,genus_g__Clostridium,Firmicutes,genus_g__Parabacteroides,Bacteroidetes,genus,0.979019128,0.526534946
tax_g25,tax_g41,0.035501757,0.188824955,0.036403393,0.231975148,g25,g41,genus_g__Clostridium,Firmicutes,genus_g__Gordonibacter,Actinobacteria,genus,0.296754906,0.526534946
tax_g68,tax_g29,-0.088669316,0.002163382,0.03634861,0.237957416,g68,g29,genus_g__Phocaeicola,Bacteroidetes,genus_g__Oscillibacter,Firmicutes,genus,0.008144497,0.526534946
tax_g25,tax_g56,0.054763055,0.064487065,0.035520067,0.241612063,g25,g56,genus_g__Clostridium,Firmicutes,genus_g__Christensenella,Firmicutes,genus,0.142316282,0.526534946
tax_g50,tax_g54,0.075171377,0.020318143,0.035698887,0.247368492,g50,g54,genus_g__Romboutsia,Firmicutes,genus_g__Parabacteroides,Bacteroidetes,genus,0.065018059,0.526534946
tax_g68,tax_g60,-0.049957339,0.111166814,-0.037707904,0.250282694,g68,g60,genus_g__Phocaeicola,Bacteroidetes,genus_g__Bilophila,Proteobacteria,genus,0.20925518,0.526534946
tax_g68,tax_g98,-0.067916101,0.029034622,-0.034463094,0.268974014,g68,g98,genus_g__Phocaeicola,Bacteroidetes,genus_g__Paraprevotella,Bacteroidetes,genus,0.084323443,0.526534946
tax_g17,tax_g15,-0.063722323,0.027240142,0.032725404,0.26957755,g17,g15,genus_g__Butyricicoccus,Firmicutes,genus_g__Alistipes,Bacteroidetes,genus,0.083017575,0.526534946
tax_g25,tax_g57,-0.060502309,0.059401536,-0.034562128,0.275160462,g25,g57,genus_g__Clostridium,Firmicutes,genus_g__Odoribacter,Bacteroidetes,genus,0.135774938,0.526534946
tax_g17,tax_g41,-0.038050284,0.126668889,0.031687336,0.27972169,g17,g41,genus_g__Butyricicoccus,Firmicutes,genus_g__Gordonibacter,Actinobacteria,genus,0.225189136,0.526534946
tax_g17,tax_g128,-0.011206035,0.647625152,0.032293773,0.288723276,g17,g128,genus_g__Butyricicoccus,Firmicutes,genus_g__GGB9602,Firmicutes,genus,0.740143031,0.527951133
tax_g25,tax_g4,0.041119801,0.190108612,0.028765926,0.349302521,g25,g4,genus_g__Clostridium,Firmicutes,genus_g__Blautia,Firmicutes,genus,0.296754906,0.60459158
tax_g68,tax_g54,-0.144100595,0.000261428,0.036490136,0.356384047,g68,g54,genus_g__Phocaeicola,Bacteroidetes,genus_g__Parabacteroides,Bacteroidetes,genus,0.001394285,0.60459158
tax_g17,tax_g98,-0.038043184,0.173687132,-0.025524407,0.364566421,g17,g98,genus_g__Butyricicoccus,Firmicutes,genus_g__Paraprevotella,Bacteroidetes,genus,0.285025038,0.60459158
tax_g50,tax_g18,0.04480146,0.155571002,0.030135749,0.368422994,g50,g18,genus_g__Romboutsia,Firmicutes,genus_g__Ruthenibacterium,Firmicutes,genus,0.262409288,0.60459158
tax_g17,tax_g18,-0.073883489,0.007283299,-0.025732058,0.405541238,g17,g18,genus_g__Butyricicoccus,Firmicutes,genus_g__Ruthenibacterium,Firmicutes,genus,0.025896175,0.64886598
tax_g68,tax_g128,0.001171552,0.963721954,-0.022823653,0.472995986,g68,g128,genus_g__Phocaeicola,Bacteroidetes,genus_g__GGB9602,Firmicutes,genus,0.979019128,0.738335198
tax_g50,tax_g40,-0.170656901,9.64E-08,-0.021970281,0.495080278,g50,g40,genus_g__Romboutsia,Firmicutes,genus_g__Faecalibacillus,Firmicutes,genus,8.81E-07,0.754408043
tax_g50,tax_g46,0.124582876,0.000114971,0.020344282,0.510049475,g50,g46,genus_g__Romboutsia,Firmicutes,genus_g__Dysosmobacter,Firmicutes,genus,0.000735811,0.759143404
tax_g68,tax_g97,-0.050367382,0.114930409,0.018477504,0.53960076,g68,g97,genus_g__Phocaeicola,Bacteroidetes,genus_g__Anaerotignum,Firmicutes,genus,0.210158462,0.768125805
tax_g50,tax_g56,0.001368975,0.963422473,-0.018248633,0.546290961,g50,g56,genus_g__Romboutsia,Firmicutes,genus_g__Christensenella,Firmicutes,genus,0.979019128,0.768125805
tax_g17,tax_g29,-0.087636069,0.001873074,0.017819494,0.555369594,g17,g29,genus_g__Butyricicoccus,Firmicutes,genus_g__Oscillibacter,Firmicutes,genus,0.007492296,0.768125805
tax_g50,tax_g98,0.115454734,0.000176519,-0.016881131,0.568447133,g50,g98,genus_g__Romboutsia,Firmicutes,genus_g__Paraprevotella,Bacteroidetes,genus,0.001027018,0.768125805
tax_g68,tax_g18,0.007489237,0.80271312,0.018658778,0.576094354,g68,g18,genus_g__Phocaeicola,Bacteroidetes,genus_g__Ruthenibacterium,Firmicutes,genus,0.901291924,0.768125805
tax_g17,tax_g32,-0.045986821,0.104074145,-0.01399779,0.617706328,g17,g32,genus_g__Butyricicoccus,Firmicutes,genus_g__Bacteroides,Bacteroidetes,genus,0.201840767,0.796131339
tax_g68,tax_g40,0.030365126,0.316748807,0.015574647,0.621977609,g68,g40,genus_g__Phocaeicola,Bacteroidetes,genus_g__Faecalibacillus,Firmicutes,genus,0.450487192,0.796131339
tax_g50,tax_g97,-0.000669306,0.983511169,-0.012161736,0.676337656,g50,g97,genus_g__Romboutsia,Firmicutes,genus_g__Anaerotignum,Firmicutes,genus,0.983511169,0.840180541
tax_g68,tax_g46,-0.033957775,0.310982163,0.013631995,0.68264669,g68,g46,genus_g__Phocaeicola,Bacteroidetes,genus_g__Dysosmobacter,Firmicutes,genus,0.450487192,0.840180541
tax_g17,tax_g56,-0.015202774,0.571832203,0.01055469,0.713259586,g17,g56,genus_g__Butyricicoccus,Firmicutes,genus_g__Christensenella,Firmicutes,genus,0.690514358,0.861294595
tax_g50,tax_g4,-0.131449978,2.06E-05,-0.01016706,0.73632102,g50,g4,genus_g__Romboutsia,Firmicutes,genus_g__Blautia,Firmicutes,genus,0.000164878,0.872676765
tax_g25,tax_g32,-0.060883334,0.071237898,0.009619852,0.764250826,g25,g32,genus_g__Clostridium,Firmicutes,genus_g__Bacteroides,Bacteroidetes,genus,0.14707179,0.889310052
tax_g50,tax_g57,0.078955572,0.011972704,0.008523148,0.781537101,g50,g57,genus_g__Romboutsia,Firmicutes,genus_g__Odoribacter,Bacteroidetes,genus,0.040329109,0.893185258
tax_g50,tax_g32,-0.002701285,0.933107314,-0.00759799,0.801735711,g50,g32,genus_g__Romboutsia,Firmicutes,genus_g__Bacteroides,Bacteroidetes,genus,0.979019128,0.900194483
tax_g50,tax_g41,0.016875416,0.541648616,-0.005157487,0.86733399,g50,g41,genus_g__Romboutsia,Firmicutes,genus_g__Gordonibacter,Actinobacteria,genus,0.67971591,0.933448561
tax_g25,tax_g60,-0.064988315,0.04857507,0.004973782,0.881016534,g25,g60,genus_g__Clostridium,Firmicutes,genus_g__Bilophila,Proteobacteria,genus,0.119569403,0.933448561
tax_g25,tax_g18,0.067254999,0.030303737,-0.003944488,0.905847949,g25,g18,genus_g__Clostridium,Firmicutes,genus_g__Ruthenibacterium,Firmicutes,genus,0.084323443,0.933448561
tax_g17,tax_g54,-0.049809551,0.081302749,-0.00333451,0.907526251,g17,g54,genus_g__Butyricicoccus,Firmicutes,genus_g__Parabacteroides,Bacteroidetes,genus,0.162605497,0.933448561
tax_g50,tax_g15,0.131474071,4.22E-05,0.003362197,0.91495757,g50,g15,genus_g__Romboutsia,Firmicutes,genus_g__Alistipes,Bacteroidetes,genus,0.000300418,0.933448561
tax_g50,tax_g128,0.033732753,0.208651971,-0.003227785,0.918863428,g50,g128,genus_g__Romboutsia,Firmicutes,genus_g__GGB9602,Firmicutes,genus,0.317945861,0.933448561
tax_g50,tax_g29,0.21287694,2.12E-13,-0.00110361,0.970793139,g50,g29,genus_g__Romboutsia,Firmicutes,genus_g__Oscillibacter,Firmicutes,genus,1.36E-11,0.970793139
bac_g114,bac_g45,-0.032099816,0.138669424,-0.154318071,7.72E-11,g114,g45,16S_g__Lachnoclostridium,Firmicutes,16S_g__Christensenellaceae_R-7_group,Firmicutes,16S,0.226913602,4.02E-09
bac_g114,bac_g17,-0.058210237,0.005506673,-0.144928619,1.28E-10,g114,g17,16S_g__Lachnoclostridium,Firmicutes,16S_g__UCG-005,Firmicutes,16S,0.02205383,4.02E-09
bac_g114,bac_g28,-0.065420201,0.001700767,-0.144895474,1.34E-10,g114,g28,16S_g__Lachnoclostridium,Firmicutes,16S_g__UCG-002,Firmicutes,16S,0.00900406,4.02E-09
bac_g68,bac_g45,0.064004224,0.001643857,0.138970628,6.28E-10,g68,g45,16S_g__[Eubacterium]_siraeum_group,Firmicutes,16S_g__Christensenellaceae_R-7_group,Firmicutes,16S,0.00900406,1.41E-08
bac_g114,bac_g129,-0.057837911,0.008076454,-0.111471043,4.37E-07,g114,g129,16S_g__Lachnoclostridium,Firmicutes,16S_g__Colidextribacter,Firmicutes,16S,0.030286701,7.87E-06
bac_g68,bac_g143,0.006601384,0.732502921,0.107826503,6.28E-07,g68,g143,16S_g__[Eubacterium]_siraeum_group,Firmicutes,16S_g__UCG-010,Firmicutes,16S,0.824065786,9.42E-06
bac_g114,bac_g179,-0.106153907,9.92E-07,-0.109746307,1.84E-06,g114,g179,16S_g__Lachnoclostridium,Firmicutes,16S_g__Marvinbryantia,Firmicutes,16S,2.97E-05,2.37E-05
bac_g114,bac_g2,0.132262757,2.20E-09,0.102775723,2.24E-06,g114,g2,16S_g__Lachnoclostridium,Firmicutes,16S_g__Anaerostipes,Firmicutes,16S,1.98E-07,2.52E-05
bac_g68,bac_g17,0.046635515,0.021214288,0.093901715,2.03E-05,g68,g17,16S_g__[Eubacterium]_siraeum_group,Firmicutes,16S_g__UCG-005,Firmicutes,16S,0.054551026,0.000178215
bac_g114,bac_g39,-0.070163467,0.001130478,-0.095323042,2.11E-05,g114,g39,16S_g__Lachnoclostridium,Firmicutes,16S_g__Family_XIII_AD3011_group,Firmicutes,16S,0.007826389,0.000178215
bac_g68,bac_g28,0.013362386,0.507915129,0.093759992,2.18E-05,g68,g28,16S_g__[Eubacterium]_siraeum_group,Firmicutes,16S_g__UCG-002,Firmicutes,16S,0.64383608,0.000178215
bac_g183,bac_g179,-0.035939556,0.054725318,-0.088724676,7.24E-05,g183,g179,16S_g__Burkholderia-Caballeronia-Paraburkholderia,Proteobacteria,16S_g__Marvinbryantia,Firmicutes,16S,0.104793163,0.000542984
bac_g183,bac_g45,-0.040120334,0.028256791,-0.087888568,0.000115797,g183,g45,16S_g__Burkholderia-Caballeronia-Paraburkholderia,Proteobacteria,16S_g__Christensenellaceae_R-7_group,Firmicutes,16S,0.06692398,0.000801672
bac_g114,bac_g207,-0.076313404,0.000857884,-0.084239187,0.000143824,g114,g207,16S_g__Lachnoclostridium,Firmicutes,16S_g__UCG-003,Firmicutes,16S,0.007019049,0.000924582
bac_g114,bac_g143,-0.034650992,0.088459724,-0.08522853,0.000174783,g114,g143,16S_g__Lachnoclostridium,Firmicutes,16S_g__UCG-010,Firmicutes,16S,0.153103369,0.000984567
bac_g114,bac_g69,-0.087665188,9.57E-06,-0.082589034,0.000175034,g114,g69,16S_g__Lachnoclostridium,Firmicutes,16S_g__Collinsella,Actinobacteriota,16S,0.000215214,0.000984567
bac_g68,bac_g39,0.073250025,0.000285114,0.077948727,0.00023574,g68,g39,16S_g__[Eubacterium]_siraeum_group,Firmicutes,16S_g__Family_XIII_AD3011_group,Firmicutes,16S,0.00256603,0.001248036
bac_g183,bac_g28,-0.027438433,0.135342602,-0.082355237,0.000269036,g183,g28,16S_g__Burkholderia-Caballeronia-Paraburkholderia,Proteobacteria,16S_g__UCG-002,Firmicutes,16S,0.225571003,0.00134518
bac_g68,bac_g72,0.026535321,0.153117125,0.075471271,0.000370745,g68,g72,16S_g__[Eubacterium]_siraeum_group,Firmicutes,16S_g__Barnesiella,Bacteroidota,16S,0.241763881,0.001756159
bac_g114,bac_g192,-0.040471328,0.074742618,-0.07643854,0.000508059,g114,g192,16S_g__Lachnoclostridium,Firmicutes,16S_g__DTU089,Firmicutes,16S,0.134536712,0.002286267
bac_g183,bac_g207,-0.003995577,0.845691236,-0.077464862,0.00054712,g183,g207,16S_g__Burkholderia-Caballeronia-Paraburkholderia,Proteobacteria,16S_g__UCG-003,Firmicutes,16S,0.885025712,0.002344798
bac_g114,bac_g93,-0.009547978,0.673477296,0.078742753,0.000647364,g114,g93,16S_g__Lachnoclostridium,Firmicutes,16S_g__Veillonella,Firmicutes,16S,0.787181255,0.002648306
bac_g68,bac_g109,0.054621856,0.011898742,0.071616759,0.000907824,g68,g109,16S_g__[Eubacterium]_siraeum_group,Firmicutes,16S_g__Odoribacter,Bacteroidota,16S,0.038245956,0.003552356
bac_g114,bac_g37,-0.062320019,0.005258697,-0.072115062,0.001005152,g114,g37,16S_g__Lachnoclostridium,Firmicutes,16S_g__Alistipes,Bacteroidota,16S,0.02205383,0.003769321
bac_g183,bac_g17,-0.015698457,0.393346835,-0.072365377,0.001294934,g183,g17,16S_g__Burkholderia-Caballeronia-Paraburkholderia,Proteobacteria,16S_g__UCG-005,Firmicutes,16S,0.528376346,0.004661761
bac_g183,bac_g108,-0.058640633,0.004525264,-0.070781397,0.001634306,g183,g108,16S_g__Burkholderia-Caballeronia-Paraburkholderia,Proteobacteria,16S_g__Incertae_Sedis,Firmicutes,16S,0.020363688,0.005657214
bac_g68,bac_g179,0.044706491,0.026257107,0.067066926,0.00177885,g68,g179,16S_g__[Eubacterium]_siraeum_group,Firmicutes,16S_g__Marvinbryantia,Firmicutes,16S,0.063868637,0.005929501
bac_g183,bac_g109,-0.021582296,0.282502742,-0.068650298,0.002134424,g183,g109,16S_g__Burkholderia-Caballeronia-Paraburkholderia,Proteobacteria,16S_g__Odoribacter,Bacteroidota,16S,0.410084626,0.006860648
bac_g68,bac_g115,-0.010377186,0.641102542,0.068027214,0.002253542,g68,g115,16S_g__[Eubacterium]_siraeum_group,Firmicutes,16S_g__Family_XIII_UCG-001,Firmicutes,16S,0.76932305,0.006993752
bac_g114,bac_g175,-0.068832113,0.001645196,-0.064780464,0.003603381,g114,g175,16S_g__Lachnoclostridium,Firmicutes,16S_g__Gordonibacter,Actinobacteriota,16S,0.00900406,0.010810144
bac_g183,bac_g170,-0.007825655,0.707770374,-0.065633698,0.004353937,g183,g170,16S_g__Burkholderia-Caballeronia-Paraburkholderia,Proteobacteria,16S_g__Lachnospiraceae_UCG-010,Firmicutes,16S,0.806320679,0.012640463
bac_g114,bac_g180,-0.09186953,1.36E-05,-0.059918441,0.006230675,g114,g180,16S_g__Lachnoclostridium,Firmicutes,16S_g__[Eubacterium]_brachy_group,Firmicutes,16S,0.000243933,0.017523773
bac_g114,bac_g109,-0.068447948,0.002113375,-0.059365564,0.006951648,g114,g109,16S_g__Lachnoclostridium,Firmicutes,16S_g__Odoribacter,Bacteroidota,16S,0.010566875,0.018925605
bac_g68,bac_g74,-0.024249465,0.267354243,-0.056100833,0.007149673,g68,g74,16S_g__[Eubacterium]_siraeum_group,Firmicutes,16S_g__Butyricicoccus,Firmicutes,16S,0.401031364,0.018925605
bac_g68,bac_g22,0.043516982,0.029385432,0.057635114,0.007656343,g68,g22,16S_g__[Eubacterium]_siraeum_group,Firmicutes,16S_g__Muribaculaceae,Bacteroidota,16S,0.067812536,0.019687738
bac_g114,bac_g108,-0.089025185,0.000100332,-0.058265738,0.008357272,g114,g108,16S_g__Lachnoclostridium,Firmicutes,16S_g__Incertae_Sedis,Firmicutes,16S,0.001289981,0.02089318
bac_g183,bac_g72,-0.004224082,0.809355413,-0.05903161,0.008592919,g183,g72,16S_g__Burkholderia-Caballeronia-Paraburkholderia,Proteobacteria,16S_g__Barnesiella,Bacteroidota,16S,0.868266572,0.020901695
bac_g183,bac_g2,0.039755214,0.047522178,0.056591953,0.010756877,g183,g2,16S_g__Burkholderia-Caballeronia-Paraburkholderia,Proteobacteria,16S_g__Anaerostipes,Firmicutes,16S,0.097204455,0.025476813
bac_g183,bac_g74,-0.050205108,0.015038771,0.054382115,0.013857385,g183,g74,16S_g__Burkholderia-Caballeronia-Paraburkholderia,Proteobacteria,16S_g__Butyricicoccus,Firmicutes,16S,0.039956417,0.031978582
bac_g114,bac_g22,-0.051645023,0.012620478,-0.054420947,0.014368786,g114,g22,16S_g__Lachnoclostridium,Firmicutes,16S_g__Muribaculaceae,Bacteroidota,16S,0.039166999,0.032329769
bac_g183,bac_g116,0.03600027,0.078031274,-0.049408553,0.027362046,g183,g116,16S_g__Burkholderia-Caballeronia-Paraburkholderia,Proteobacteria,16S_g__Parabacteroides,Bacteroidota,16S,0.137702248,0.060063029
bac_g183,bac_g112,-0.07589879,0.000199761,-0.048968332,0.03111876,g183,g112,16S_g__Burkholderia-Caballeronia-Paraburkholderia,Proteobacteria,16S_g__Akkermansia,Verrucomicrobiota,16S,0.001997608,0.066483669
bac_g114,bac_g170,-0.06088769,0.008819733,-0.048813367,0.03176442,g114,g170,16S_g__Lachnoclostridium,Firmicutes,16S_g__Lachnospiraceae_UCG-010,Firmicutes,16S,0.03175104,0.066483669
bac_g68,bac_g129,-0.004957948,0.812024229,0.043634433,0.04070926,g68,g129,16S_g__[Eubacterium]_siraeum_group,Firmicutes,16S_g__Colidextribacter,Firmicutes,16S,0.868266572,0.083268941
bac_g114,bac_g34,0.033657603,0.148523978,0.044123646,0.04500932,g114,g34,16S_g__Lachnoclostridium,Firmicutes,16S_g__Bacteroides,Bacteroidota,16S,0.23869925,0.090018639
bac_g183,bac_g341,-0.034156981,0.09257138,0.043333112,0.050896878,g183,g341,16S_g__Burkholderia-Caballeronia-Paraburkholderia,Proteobacteria,16S_g__UBA1819,Firmicutes,16S,0.157196683,0.099580848
bac_g114,bac_g116,-0.048544227,0.032224038,-0.041513743,0.05927348,g114,g116,16S_g__Lachnoclostridium,Firmicutes,16S_g__Parabacteroides,Bacteroidota,16S,0.070735692,0.111304788
bac_g68,bac_g207,-0.000962208,0.965728633,0.041150329,0.05985385,g68,g207,16S_g__[Eubacterium]_siraeum_group,Firmicutes,16S_g__UCG-003,Firmicutes,16S,0.965728633,0.111304788
bac_g68,bac_g2,-0.023067485,0.275934158,-0.039217136,0.060599274,g68,g2,16S_g__[Eubacterium]_siraeum_group,Firmicutes,16S_g__Anaerostipes,Firmicutes,16S,0.407115971,0.111304788
bac_g183,bac_g129,-0.027095963,0.169295571,-0.040302469,0.074720665,g183,g129,16S_g__Burkholderia-Caballeronia-Paraburkholderia,Proteobacteria,16S_g__Colidextribacter,Firmicutes,16S,0.262700024,0.134497198
bac_g183,bac_g143,-0.005501827,0.756331551,-0.039257268,0.080197458,g183,g143,16S_g__Burkholderia-Caballeronia-Paraburkholderia,Proteobacteria,16S_g__UCG-010,Firmicutes,16S,0.830119995,0.141524926
bac_g114,bac_g115,-0.117066185,1.94E-07,-0.034975974,0.120151815,g114,g115,16S_g__Lachnoclostridium,Firmicutes,16S_g__Family_XIII_UCG-001,Firmicutes,16S,8.73E-06,0.207955064
bac_g68,bac_g218,-0.0396541,0.066715318,-0.031930395,0.126137932,g68,g218,16S_g__[Eubacterium]_siraeum_group,Firmicutes,16S_g__Oscillibacter,Firmicutes,16S,0.122538339,0.214196489
bac_g114,bac_g122,-0.010513821,0.652222305,-0.033506813,0.134400804,g114,g122,16S_g__Lachnoclostridium,Firmicutes,16S_g__Bilophila,Desulfobacterota,16S,0.772368519,0.22400134
bac_g183,bac_g39,-0.052889452,0.005635979,-0.033482571,0.137307172,g183,g39,16S_g__Burkholderia-Caballeronia-Paraburkholderia,Proteobacteria,16S_g__Family_XIII_AD3011_group,Firmicutes,16S,0.02205383,0.224684463
bac_g114,bac_g112,-0.056999425,0.011025097,0.030363223,0.169018149,g114,g112,16S_g__Lachnoclostridium,Firmicutes,16S_g__Akkermansia,Verrucomicrobiota,16S,0.036750323,0.27163631
bac_g68,bac_g93,-0.025441449,0.227113014,-0.028947372,0.182509605,g68,g93,16S_g__[Eubacterium]_siraeum_group,Firmicutes,16S_g__Veillonella,Firmicutes,16S,0.346443581,0.288173061
bac_g183,bac_g37,-0.013896185,0.488751391,-0.02670285,0.230953715,g183,g37,16S_g__Burkholderia-Caballeronia-Paraburkholderia,Proteobacteria,16S_g__Alistipes,Bacteroidota,16S,0.637501815,0.358376455
bac_g183,bac_g69,-0.067124002,0.000146722,-0.025135533,0.258910388,g183,g69,16S_g__Burkholderia-Caballeronia-Paraburkholderia,Proteobacteria,16S_g__Collinsella,Actinobacteriota,16S,0.001650625,0.394948049
bac_g183,bac_g192,-0.020757483,0.310406516,-0.024862988,0.267701499,g183,g192,16S_g__Burkholderia-Caballeronia-Paraburkholderia,Proteobacteria,16S_g__DTU089,Firmicutes,16S,0.44343788,0.396981179
bac_g114,bac_g341,0.055325734,0.015094646,-0.024377172,0.269065021,g114,g341,16S_g__Lachnoclostridium,Firmicutes,16S_g__UBA1819,Firmicutes,16S,0.039956417,0.396981179
bac_g68,bac_g69,0.038074799,0.041633828,0.020716887,0.321636297,g68,g69,16S_g__[Eubacterium]_siraeum_group,Firmicutes,16S_g__Collinsella,Actinobacteriota,16S,0.087140569,0.459692303
bac_g68,bac_g108,0.056740504,0.009269246,0.021039026,0.321784612,g68,g108,16S_g__[Eubacterium]_siraeum_group,Firmicutes,16S_g__Incertae_Sedis,Firmicutes,16S,0.032085853,0.459692303
bac_g68,bac_g37,0.046102616,0.033204237,0.020718246,0.33475846,g68,g37,16S_g__[Eubacterium]_siraeum_group,Firmicutes,16S_g__Alistipes,Bacteroidota,16S,0.071151936,0.470754084
bac_g114,bac_g72,-0.047624003,0.014629557,-0.020658821,0.351884635,g114,g72,16S_g__Lachnoclostridium,Firmicutes,16S_g__Barnesiella,Bacteroidota,16S,0.039956417,0.487224879
bac_g183,bac_g22,-0.002417925,0.896612222,-0.020535774,0.363334435,g183,g22,16S_g__Burkholderia-Caballeronia-Paraburkholderia,Proteobacteria,16S_g__Muribaculaceae,Bacteroidota,16S,0.926899562,0.495456048
bac_g183,bac_g95,-0.006388142,0.755733601,0.019651365,0.383287679,g183,g95,16S_g__Burkholderia-Caballeronia-Paraburkholderia,Proteobacteria,16S_g__Haemophilus,Proteobacteria,16S,0.830119995,0.514864046
bac_g183,bac_g175,-0.064414327,0.001054549,0.019064483,0.400203417,g183,g175,16S_g__Burkholderia-Caballeronia-Paraburkholderia,Proteobacteria,16S_g__Gordonibacter,Actinobacteriota,16S,0.007826389,0.529680993
bac_g114,bac_g95,-0.04898386,0.031761461,0.017776462,0.423243287,g114,g95,16S_g__Lachnoclostridium,Firmicutes,16S_g__Haemophilus,Proteobacteria,16S,0.070735692,0.552056462
bac_g114,bac_g74,0.013014512,0.577597837,-0.015453869,0.484927821,g114,g74,16S_g__Lachnoclostridium,Firmicutes,16S_g__Butyricicoccus,Firmicutes,16S,0.702483856,0.615178405
bac_g68,bac_g175,0.066438621,0.001336916,0.014636627,0.491928312,g68,g175,16S_g__[Eubacterium]_siraeum_group,Firmicutes,16S_g__Gordonibacter,Actinobacteriota,16S,0.008594457,0.615178405
bac_g68,bac_g116,0.012183203,0.575189833,0.014621218,0.492142724,g68,g116,16S_g__[Eubacterium]_siraeum_group,Firmicutes,16S_g__Parabacteroides,Bacteroidota,16S,0.702483856,0.615178405
bac_g114,bac_g218,-0.013653649,0.557180623,-0.013540379,0.542958966,g114,g218,16S_g__Lachnoclostridium,Firmicutes,16S_g__Oscillibacter,Firmicutes,16S,0.696475779,0.669401465
bac_g183,bac_g155,-0.038855438,0.063024605,-0.014095149,0.561237623,g183,g155,16S_g__Burkholderia-Caballeronia-Paraburkholderia,Proteobacteria,16S_g__Chloroplast,Cyanobacteria,16S,0.118171134,0.677604087
bac_g68,bac_g112,0.051930202,0.014703873,0.012171915,0.564670072,g68,g112,16S_g__[Eubacterium]_siraeum_group,Firmicutes,16S_g__Akkermansia,Verrucomicrobiota,16S,0.039956417,0.677604087
bac_g114,bac_g155,-0.052731945,0.02276277,0.012896236,0.58847819,g114,g155,16S_g__Lachnoclostridium,Firmicutes,16S_g__Chloroplast,Cyanobacteria,16S,0.056906926,0.696882067
bac_g183,bac_g34,0.051180976,0.01308322,-0.0111863,0.612209015,g183,g34,16S_g__Burkholderia-Caballeronia-Paraburkholderia,Proteobacteria,16S_g__Bacteroides,Bacteroidota,16S,0.039249661,0.715568979
bac_g183,bac_g93,0.001289858,0.948398587,0.011402495,0.620271066,g183,g93,16S_g__Burkholderia-Caballeronia-Paraburkholderia,Proteobacteria,16S_g__Veillonella,Firmicutes,16S,0.959054751,0.715697384
bac_g68,bac_g95,-0.020563617,0.341313607,-0.009941364,0.638969138,g68,g95,16S_g__[Eubacterium]_siraeum_group,Firmicutes,16S_g__Haemophilus,Proteobacteria,16S,0.467882144,0.721840583
bac_g183,bac_g115,-0.039359894,0.054613175,-0.010713641,0.641636074,g183,g115,16S_g__Burkholderia-Caballeronia-Paraburkholderia,Proteobacteria,16S_g__Family_XIII_UCG-001,Firmicutes,16S,0.104793163,0.721840583
bac_g68,bac_g180,0.008142928,0.685571216,0.009504829,0.650297734,g68,g180,16S_g__[Eubacterium]_siraeum_group,Firmicutes,16S_g__[Eubacterium]_brachy_group,Firmicutes,16S,0.79104371,0.722553038
bac_g183,bac_g218,-0.016681902,0.416865763,-0.00878366,0.692529262,g183,g218,16S_g__Burkholderia-Caballeronia-Paraburkholderia,Proteobacteria,16S_g__Oscillibacter,Firmicutes,16S,0.551734098,0.760093093
bac_g68,bac_g170,0.06719666,0.002398071,-0.006816517,0.75575335,g68,g170,16S_g__[Eubacterium]_siraeum_group,Firmicutes,16S_g__Lachnospiraceae_UCG-010,Firmicutes,16S,0.011359282,0.819491585
bac_g68,bac_g122,-0.020733569,0.343113572,0.006180939,0.770543909,g68,g122,16S_g__[Eubacterium]_siraeum_group,Firmicutes,16S_g__Bilophila,Desulfobacterota,16S,0.467882144,0.82558276
bac_g68,bac_g34,0.00496774,0.82002954,-0.004984039,0.810849691,g68,g34,16S_g__[Eubacterium]_siraeum_group,Firmicutes,16S_g__Bacteroides,Bacteroidota,16S,0.868266572,0.858546732
bac_g68,bac_g341,-0.014502506,0.495894917,-0.003653361,0.86045748,g68,g341,16S_g__[Eubacterium]_siraeum_group,Firmicutes,16S_g__UBA1819,Firmicutes,16S,0.637579179,0.900478758
bac_g183,bac_g180,-0.036670018,0.05470144,0.001859562,0.933653169,g183,g180,16S_g__Burkholderia-Caballeronia-Paraburkholderia,Proteobacteria,16S_g__[Eubacterium]_brachy_group,Firmicutes,16S,0.104793163,0.965848106
bac_g68,bac_g192,0.002533665,0.906301794,0.001468867,0.944428183,g68,g192,16S_g__[Eubacterium]_siraeum_group,Firmicutes,16S_g__DTU089,Firmicutes,16S,0.926899562,0.965892459
bac_g68,bac_g155,-0.020892266,0.341635699,-0.000587292,0.979457231,g68,g155,16S_g__[Eubacterium]_siraeum_group,Firmicutes,16S_g__Chloroplast,Cyanobacteria,16S,0.467882144,0.990462368
bac_g183,bac_g122,0.081349279,8.75E-05,0.000129506,0.995422713,g183,g122,16S_g__Burkholderia-Caballeronia-Paraburkholderia,Proteobacteria,16S_g__Bilophila,Desulfobacterota,16S,0.001289981,0.995422713